{"Mean":{"confidence_interval":{"confidence_level":0.95,"lower_bound":100087.14304294973,"upper_bound":105660.18233388735},"point_estimate":102648.37102685607,"standard_error":1427.4708552015632},"Median":{"confidence_interval":{"confidence_level":0.95,"lower_bound":95739.90610328638,"upper_bound":100005.83333333334},"point_estimate":97087.77680652682,"standard_error":1197.7661657633253},"MedianAbsDev":{"confidence_interval":{"confidence_level":0.95,"lower_bound":4695.385390716573,"upper_bound":10312.862155758132},"point_estimate":6755.377825508063,"standard_error":1505.554812028954},"Slope":{"confidence_interval":{"confidence_level":0.95,"lower_bound":104094.6497823457,"upper_bound":115069.06030600445},"point_estimate":108933.7632136348,"standard_error":2842.6264828624},"StdDev":{"confidence_interval":{"confidence_level":0.95,"lower_bound":8964.451360165,"upper_bound":20076.747117709485},"point_estimate":14345.38249583391,"standard_error":3051.841317598086}}