{"Mean":{"confidence_interval":{"confidence_level":0.95,"lower_bound":79378.71157785057,"upper_bound":84114.75170172598},"point_estimate":81643.81677343912,"standard_error":1207.0764885975943},"Median":{"confidence_interval":{"confidence_level":0.95,"lower_bound":77214.16083916085,"upper_bound":80546.96356275304},"point_estimate":78400.48605240913,"standard_error":910.3124418937862},"MedianAbsDev":{"confidence_interval":{"confidence_level":0.95,"lower_bound":5302.332472881076,"upper_bound":9589.095483605674},"point_estimate":6946.342397858504,"standard_error":1058.5415168392733},"Slope":{"confidence_interval":{"confidence_level":0.95,"lower_bound":79397.85363350455,"upper_bound":83801.52501077761},"point_estimate":81477.93450114242,"standard_error":1122.8225159263054},"StdDev":{"confidence_interval":{"confidence_level":0.95,"lower_bound":9250.65257596628,"upper_bound":14663.917937719661},"point_estimate":12165.566855574716,"standard_error":1381.9362249756155}}